frame,time,event,value,hp,max_hp,mana,shield
0,0.000000,frame,0.000000,1920.000000,1920.000000,20.000000,768.000000
1,0.033333,mana2,0.191667,1920.000000,1920.000000,20.191667,768.000000
1,0.033333,frame,0.000000,1920.000000,1920.000000,20.191667,768.000000
2,0.066667,mana2,0.191667,1920.000000,1920.000000,20.383333,768.000000
2,0.066667,frame,0.000000,1920.000000,1920.000000,20.383333,768.000000
3,0.100000,mana2,0.191667,1920.000000,1920.000000,20.575000,768.000000
3,0.100000,frame,0.000000,1920.000000,1920.000000,20.575000,768.000000
4,0.133333,mana2,0.191667,1920.000000,1920.000000,20.766667,768.000000
4,0.133333,frame,0.000000,1920.000000,1920.000000,20.766667,768.000000
5,0.166667,mana2,0.191667,1920.000000,1920.000000,20.958333,768.000000
5,0.166667,frame,0.000000,1920.000000,1920.000000,20.958333,768.000000
6,0.200000,mana2,0.191667,1920.000000,1920.000000,21.150000,768.000000
6,0.200000,frame,0.000000,1920.000000,1920.000000,21.150000,768.000000
7,0.233333,mana2,0.191667,1920.000000,1920.000000,21.341667,768.000000
7,0.233333,frame,0.000000,1920.000000,1920.000000,21.341667,768.000000
8,0.266667,mana2,0.191667,1920.000000,1920.000000,21.533333,768.000000
8,0.266667,frame,0.000000,1920.000000,1920.000000,21.533333,768.000000
9,0.300000,mana2,0.191667,1920.000000,1920.000000,21.725000,768.000000
9,0.300000,frame,0.000000,1920.000000,1920.000000,21.725000,768.000000
10,0.333333,mana2,0.191667,1920.000000,1920.000000,21.916667,768.000000
10,0.333333,mana1,12.082562,1920.000000,1920.000000,33.999229,573.336364
10,0.333333,incoming,194.663636,1920.000000,1920.000000,33.999229,573.336364
10,0.333333,frame,0.000000,1920.000000,1920.000000,33.999229,573.336364
11,0.366667,mana2,0.191667,1920.000000,1920.000000,34.190895,573.336364
11,0.366667,frame,0.000000,1920.000000,1920.000000,34.190895,573.336364
12,0.400000,mana2,0.191667,1920.000000,1920.000000,34.382562,573.336364
12,0.400000,frame,0.000000,1920.000000,1920.000000,34.382562,573.336364
13,0.433333,mana2,0.191667,1920.000000,1920.000000,34.574229,573.336364
13,0.433333,frame,0.000000,1920.000000,1920.000000,34.574229,573.336364
14,0.466667,mana2,0.191667,1920.000000,1920.000000,34.765895,573.336364
14,0.466667,frame,0.000000,1920.000000,1920.000000,34.765895,573.336364
15,0.500000,mana2,0.191667,1920.000000,1920.000000,34.957562,573.336364
15,0.500000,frame,0.000000,1920.000000,1920.000000,34.957562,573.336364
16,0.533333,mana2,0.191667,1920.000000,1920.000000,35.149229,573.336364
16,0.533333,frame,0.000000,1920.000000,1920.000000,35.149229,573.336364
17,0.566667,mana2,0.191667,1920.000000,1920.000000,35.340895,573.336364
17,0.566667,frame,0.000000,1920.000000,1920.000000,35.340895,573.336364
18,0.600000,mana2,0.191667,1920.000000,1920.000000,35.532562,573.336364
18,0.600000,frame,0.000000,1920.000000,1920.000000,35.532562,573.336364
19,0.633333,mana2,0.191667,1920.000000,1920.000000,35.724229,573.336364
19,0.633333,frame,0.000000,1920.000000,1920.000000,35.724229,573.336364
20,0.666667,mana2,0.191667,1920.000000,1920.000000,35.915895,573.336364
20,0.666667,mana1,12.082562,1920.000000,1920.000000,47.998458,378.672727
20,0.666667,incoming,194.663636,1920.000000,1920.000000,47.998458,378.672727
20,0.666667,frame,0.000000,1920.000000,1920.000000,47.998458,378.672727
21,0.700000,mana2,0.191667,1920.000000,1920.000000,48.190124,378.672727
21,0.700000,frame,0.000000,1920.000000,1920.000000,48.190124,378.672727
22,0.733333,mana2,0.191667,1920.000000,1920.000000,48.381791,378.672727
22,0.733333,frame,0.000000,1920.000000,1920.000000,48.381791,378.672727
23,0.766667,mana2,0.191667,1920.000000,1920.000000,48.573458,378.672727
23,0.766667,frame,0.000000,1920.000000,1920.000000,48.573458,378.672727
24,0.800000,mana2,0.191667,1920.000000,1920.000000,48.765124,378.672727
24,0.800000,frame,0.000000,1920.000000,1920.000000,48.765124,378.672727
25,0.833333,mana2,0.191667,1920.000000,1920.000000,48.956791,378.672727
25,0.833333,frame,0.000000,1920.000000,1920.000000,48.956791,378.672727
26,0.866667,mana2,0.191667,1920.000000,1920.000000,49.148458,378.672727
26,0.866667,frame,0.000000,1920.000000,1920.000000,49.148458,378.672727
27,0.900000,mana2,0.191667,1920.000000,1920.000000,49.340124,378.672727
27,0.900000,frame,0.000000,1920.000000,1920.000000,49.340124,378.672727
28,0.933333,mana2,0.191667,1920.000000,1920.000000,49.531791,378.672727
28,0.933333,frame,0.000000,1920.000000,1920.000000,49.531791,378.672727
29,0.966667,mana2,0.191667,1920.000000,1920.000000,49.723458,378.672727
29,0.966667,frame,0.000000,1920.000000,1920.000000,49.723458,378.672727
30,1.000000,mana2,0.191667,1920.000000,1920.000000,49.915124,378.672727
30,1.000000,mana1,12.082562,1920.000000,1920.000000,61.997686,184.009091
30,1.000000,incoming,194.663636,1920.000000,1920.000000,61.997686,184.009091
30,1.000000,frame,0.000000,1920.000000,1920.000000,61.997686,184.009091
31,1.033333,mana2,0.191667,1920.000000,1920.000000,62.189353,184.009091
31,1.033333,frame,0.000000,1920.000000,1920.000000,62.189353,184.009091
32,1.066667,mana2,0.191667,1920.000000,1920.000000,62.381020,184.009091
32,1.066667,frame,0.000000,1920.000000,1920.000000,62.381020,184.009091
33,1.100000,mana2,0.191667,1920.000000,1920.000000,62.572686,184.009091
33,1.100000,frame,0.000000,1920.000000,1920.000000,62.572686,184.009091
34,1.133333,mana2,0.191667,1920.000000,1920.000000,62.764353,184.009091
34,1.133333,frame,0.000000,1920.000000,1920.000000,62.764353,184.009091
35,1.166667,mana2,0.191667,1920.000000,1920.000000,62.956020,184.009091
35,1.166667,frame,0.000000,1920.000000,1920.000000,62.956020,184.009091
36,1.200000,mana2,0.191667,1920.000000,1920.000000,63.147686,184.009091
36,1.200000,frame,0.000000,1920.000000,1920.000000,63.147686,184.009091
37,1.233333,mana2,0.191667,1920.000000,1920.000000,63.339353,184.009091
37,1.233333,frame,0.000000,1920.000000,1920.000000,63.339353,184.009091
38,1.266667,mana2,0.191667,1920.000000,1920.000000,63.531020,184.009091
38,1.266667,frame,0.000000,1920.000000,1920.000000,63.531020,184.009091
39,1.300000,mana2,0.191667,1920.000000,1920.000000,63.722686,184.009091
39,1.300000,frame,0.000000,1920.000000,1920.000000,63.722686,184.009091
40,1.333333,mana2,0.191667,1920.000000,1920.000000,63.914353,184.009091
40,1.333333,mana1,6.085647,1909.345455,1920.000000,70.000000,0.000000
40,1.333333,incoming,194.663636,1909.345455,1920.000000,70.000000,0.000000
40,1.333333,cast,1.000000,1909.345455,1920.000000,0.000000,0.000000
40,1.333333,frame,0.000000,2384.345455,2395.000000,0.000000,0.000000
41,1.366667,frame,0.000000,2384.345455,2395.000000,0.000000,0.000000
42,1.400000,frame,0.000000,2384.345455,2395.000000,0.000000,0.000000
43,1.433333,frame,0.000000,2384.345455,2395.000000,0.000000,0.000000
44,1.466667,frame,0.000000,2384.345455,2395.000000,0.000000,0.000000
45,1.500000,frame,0.000000,2384.345455,2395.000000,0.000000,0.000000
46,1.533333,frame,0.000000,2384.345455,2395.000000,0.000000,0.000000
47,1.566667,frame,0.000000,2384.345455,2395.000000,0.000000,0.000000
48,1.600000,frame,0.000000,2384.345455,2395.000000,0.000000,0.000000
49,1.633333,frame,0.000000,2384.345455,2395.000000,0.000000,0.000000
50,1.666667,incoming,204.909091,2179.436364,2395.000000,0.000000,0.000000
50,1.666667,frame,0.000000,2179.436364,2395.000000,0.000000,0.000000
51,1.700000,frame,0.000000,2179.436364,2395.000000,0.000000,0.000000
52,1.733333,frame,0.000000,2179.436364,2395.000000,0.000000,0.000000
53,1.766667,frame,0.000000,2179.436364,2395.000000,0.000000,0.000000
54,1.800000,frame,0.000000,2179.436364,2395.000000,0.000000,0.000000
55,1.833333,attack,1.000000,2291.936364,2395.000000,0.000000,0.000000
55,1.833333,frame,0.000000,2291.936364,2395.000000,0.000000,0.000000
56,1.866667,frame,0.000000,2291.936364,2395.000000,0.000000,0.000000
57,1.900000,frame,0.000000,2291.936364,2395.000000,0.000000,0.000000
58,1.933333,frame,0.000000,2291.936364,2395.000000,0.000000,0.000000
59,1.966667,frame,0.000000,2291.936364,2395.000000,0.000000,0.000000
60,2.000000,incoming,204.909091,2089.088545,2395.000000,0.000000,0.000000
60,2.000000,frame,0.000000,2089.088545,2395.000000,0.000000,0.000000
61,2.033333,frame,0.000000,2089.088545,2395.000000,0.000000,0.000000
62,2.066667,frame,0.000000,2089.088545,2395.000000,0.000000,0.000000
63,2.100000,frame,0.000000,2089.088545,2395.000000,0.000000,0.000000
64,2.133333,frame,0.000000,2089.088545,2395.000000,0.000000,0.000000
65,2.166667,frame,0.000000,2089.088545,2395.000000,0.000000,0.000000
66,2.200000,frame,0.000000,2089.088545,2395.000000,0.000000,0.000000
67,2.233333,frame,0.000000,2089.088545,2395.000000,0.000000,0.000000
68,2.266667,frame,0.000000,2089.088545,2395.000000,0.000000,0.000000
69,2.300000,frame,0.000000,2089.088545,2395.000000,0.000000,0.000000
70,2.333333,mana2,0.191667,2089.088545,2395.000000,0.191667,0.000000
70,2.333333,mana1,12.436030,1884.179455,2395.000000,12.627697,0.000000
70,2.333333,incoming,204.909091,1884.179455,2395.000000,12.627697,0.000000
70,2.333333,frame,0.000000,1884.179455,2395.000000,12.627697,0.000000
71,2.366667,mana2,0.191667,1884.179455,2395.000000,12.819364,0.000000
71,2.366667,frame,0.000000,1884.179455,2395.000000,12.819364,0.000000
72,2.400000,mana2,0.191667,1884.179455,2395.000000,13.011030,0.000000
72,2.400000,frame,0.000000,1884.179455,2395.000000,13.011030,0.000000
73,2.433333,mana2,0.191667,1884.179455,2395.000000,13.202697,0.000000
73,2.433333,frame,0.000000,1884.179455,2395.000000,13.202697,0.000000
74,2.466667,mana2,0.191667,1884.179455,2395.000000,13.394364,0.000000
74,2.466667,frame,0.000000,1884.179455,2395.000000,13.394364,0.000000
75,2.500000,mana2,0.191667,1884.179455,2395.000000,13.586030,0.000000
75,2.500000,frame,0.000000,1884.179455,2395.000000,13.586030,0.000000
76,2.533333,mana2,0.191667,1884.179455,2395.000000,13.777697,0.000000
76,2.533333,frame,0.000000,1884.179455,2395.000000,13.777697,0.000000
77,2.566667,mana2,0.191667,1884.179455,2395.000000,13.969364,0.000000
77,2.566667,frame,0.000000,1884.179455,2395.000000,13.969364,0.000000
78,2.600000,mana2,0.191667,1884.179455,2395.000000,14.161030,0.000000
78,2.600000,frame,0.000000,1884.179455,2395.000000,14.161030,0.000000
79,2.633333,mana2,0.191667,1884.179455,2395.000000,14.352697,0.000000
79,2.633333,frame,0.000000,1884.179455,2395.000000,14.352697,0.000000
80,2.666667,mana2,0.191667,1884.179455,2395.000000,14.544364,0.000000
80,2.666667,mana1,12.436030,1679.270364,2395.000000,26.980394,0.000000
80,2.666667,incoming,204.909091,1679.270364,2395.000000,26.980394,0.000000
80,2.666667,frame,0.000000,1679.270364,2395.000000,26.980394,0.000000
81,2.700000,mana2,0.191667,1679.270364,2395.000000,27.172061,0.000000
81,2.700000,frame,0.000000,1679.270364,2395.000000,27.172061,0.000000
82,2.733333,mana2,0.191667,1679.270364,2395.000000,27.363727,0.000000
82,2.733333,frame,0.000000,1679.270364,2395.000000,27.363727,0.000000
83,2.766667,mana2,0.191667,1679.270364,2395.000000,27.555394,0.000000
83,2.766667,frame,0.000000,1679.270364,2395.000000,27.555394,0.000000
84,2.800000,mana2,0.191667,1679.270364,2395.000000,27.747061,0.000000
84,2.800000,frame,0.000000,1679.270364,2395.000000,27.747061,0.000000
85,2.833333,mana2,0.191667,1679.270364,2395.000000,27.938727,0.000000
85,2.833333,frame,0.000000,1679.270364,2395.000000,27.938727,0.000000
86,2.866667,mana2,0.191667,1679.270364,2395.000000,28.130394,0.000000
86,2.866667,frame,0.000000,1679.270364,2395.000000,28.130394,0.000000
87,2.900000,mana2,0.191667,1679.270364,2395.000000,28.322061,0.000000
87,2.900000,frame,0.000000,1679.270364,2395.000000,28.322061,0.000000
88,2.933333,mana2,0.191667,1679.270364,2395.000000,28.513727,0.000000
88,2.933333,frame,0.000000,1679.270364,2395.000000,28.513727,0.000000
89,2.966667,mana2,0.191667,1679.270364,2395.000000,28.705394,0.000000
89,2.966667,frame,0.000000,1679.270364,2395.000000,28.705394,0.000000
90,3.000000,mana2,0.191667,1679.270364,2395.000000,28.897061,0.000000
90,3.000000,mana1,12.436030,1488.675865,2395.000000,41.333091,0.000000
90,3.000000,incoming,204.909091,1488.675865,2395.000000,41.333091,0.000000
90,3.000000,frame,0.000000,1488.675865,2395.000000,41.333091,0.000000
91,3.033333,mana2,0.191667,1488.675865,2395.000000,41.524758,0.000000
91,3.033333,frame,0.000000,1488.675865,2395.000000,41.524758,0.000000
92,3.066667,mana2,0.191667,1488.675865,2395.000000,41.716424,0.000000
92,3.066667,frame,0.000000,1488.675865,2395.000000,41.716424,0.000000
93,3.100000,mana2,0.191667,1488.675865,2395.000000,41.908091,0.000000
93,3.100000,frame,0.000000,1488.675865,2395.000000,41.908091,0.000000
94,3.133333,mana2,0.191667,1488.675865,2395.000000,42.099758,0.000000
94,3.133333,frame,0.000000,1488.675865,2395.000000,42.099758,0.000000
95,3.166667,mana2,0.191667,1488.675865,2395.000000,42.291424,0.000000
95,3.166667,frame,0.000000,1488.675865,2395.000000,42.291424,0.000000
96,3.200000,mana2,0.191667,1488.675865,2395.000000,42.483091,0.000000
96,3.200000,frame,0.000000,1488.675865,2395.000000,42.483091,0.000000
97,3.233333,mana2,0.191667,1488.675865,2395.000000,42.674758,0.000000
97,3.233333,frame,0.000000,1488.675865,2395.000000,42.674758,0.000000
98,3.266667,mana2,0.191667,1488.675865,2395.000000,42.866424,0.000000
98,3.266667,frame,0.000000,1488.675865,2395.000000,42.866424,0.000000
99,3.300000,mana2,0.191667,1488.675865,2395.000000,43.058091,0.000000
99,3.300000,frame,0.000000,1488.675865,2395.000000,43.058091,0.000000
100,3.333333,mana2,0.191667,1488.675865,2395.000000,43.249758,0.000000
100,3.333333,mana1,12.436030,1283.766775,2395.000000,55.685788,0.000000
100,3.333333,incoming,204.909091,1283.766775,2395.000000,55.685788,0.000000
100,3.333333,frame,0.000000,1283.766775,2395.000000,55.685788,0.000000
101,3.366667,mana0,5.750000,1396.266775,2395.000000,61.435788,0.000000
101,3.366667,attack,2.000000,1396.266775,2395.000000,61.435788,0.000000
101,3.366667,mana2,0.191667,1396.266775,2395.000000,61.627455,0.000000
101,3.366667,frame,0.000000,1396.266775,2395.000000,61.627455,0.000000
102,3.400000,mana2,0.191667,1396.266775,2395.000000,61.819121,0.000000
102,3.400000,frame,0.000000,1396.266775,2395.000000,61.819121,0.000000
103,3.433333,mana2,0.191667,1396.266775,2395.000000,62.010788,0.000000
103,3.433333,frame,0.000000,1396.266775,2395.000000,62.010788,0.000000
104,3.466667,mana2,0.191667,1396.266775,2395.000000,62.202455,0.000000
104,3.466667,frame,0.000000,1396.266775,2395.000000,62.202455,0.000000
105,3.500000,mana2,0.191667,1396.266775,2395.000000,62.394121,0.000000
105,3.500000,frame,0.000000,1396.266775,2395.000000,62.394121,0.000000
106,3.533333,mana2,0.191667,1396.266775,2395.000000,62.585788,0.000000
106,3.533333,frame,0.000000,1396.266775,2395.000000,62.585788,0.000000
107,3.566667,mana2,0.191667,1396.266775,2395.000000,62.777455,0.000000
107,3.566667,frame,0.000000,1396.266775,2395.000000,62.777455,0.000000
108,3.600000,mana2,0.191667,1396.266775,2395.000000,62.969121,0.000000
108,3.600000,frame,0.000000,1396.266775,2395.000000,62.969121,0.000000
109,3.633333,mana2,0.191667,1396.266775,2395.000000,63.160788,0.000000
109,3.633333,frame,0.000000,1396.266775,2395.000000,63.160788,0.000000
110,3.666667,mana2,0.191667,1396.266775,2395.000000,63.352455,0.000000
110,3.666667,mana1,6.647545,1191.357684,2395.000000,70.000000,0.000000
110,3.666667,incoming,204.909091,1191.357684,2395.000000,70.000000,958.000000
110,3.666667,cast,2.000000,1191.357684,2395.000000,0.000000,958.000000
110,3.666667,frame,0.000000,1191.357684,2395.000000,0.000000,958.000000
111,3.700000,frame,0.000000,1191.357684,2395.000000,0.000000,958.000000
112,3.733333,frame,0.000000,1191.357684,2395.000000,0.000000,958.000000
113,3.766667,frame,0.000000,1191.357684,2395.000000,0.000000,958.000000
114,3.800000,frame,0.000000,1191.357684,2395.000000,0.000000,958.000000
115,3.833333,frame,0.000000,1191.357684,2395.000000,0.000000,958.000000
116,3.866667,frame,0.000000,1191.357684,2395.000000,0.000000,958.000000
117,3.900000,frame,0.000000,1191.357684,2395.000000,0.000000,958.000000
118,3.933333,frame,0.000000,1191.357684,2395.000000,0.000000,958.000000
119,3.966667,frame,0.000000,1191.357684,2395.000000,0.000000,958.000000
120,4.000000,incoming,194.663636,1215.430530,2395.000000,0.000000,763.336364
120,4.000000,frame,0.000000,1215.430530,2395.000000,0.000000,763.336364
121,4.033333,frame,0.000000,1215.430530,2395.000000,0.000000,763.336364
122,4.066667,frame,0.000000,1215.430530,2395.000000,0.000000,763.336364
123,4.100000,frame,0.000000,1215.430530,2395.000000,0.000000,763.336364
124,4.133333,frame,0.000000,1215.430530,2395.000000,0.000000,763.336364
125,4.166667,frame,0.000000,1215.430530,2395.000000,0.000000,763.336364
126,4.200000,frame,0.000000,1215.430530,2395.000000,0.000000,763.336364
127,4.233333,frame,0.000000,1215.430530,2395.000000,0.000000,763.336364
128,4.266667,frame,0.000000,1215.430530,2395.000000,0.000000,763.336364
129,4.300000,frame,0.000000,1215.430530,2395.000000,0.000000,763.336364
130,4.333333,incoming,194.663636,1215.430530,2395.000000,0.000000,568.672727
130,4.333333,frame,0.000000,1215.430530,2395.000000,0.000000,568.672727
131,4.366667,frame,0.000000,1215.430530,2395.000000,0.000000,568.672727
132,4.400000,frame,0.000000,1215.430530,2395.000000,0.000000,568.672727
133,4.433333,attack,3.000000,1327.930530,2395.000000,0.000000,568.672727
133,4.433333,frame,0.000000,1327.930530,2395.000000,0.000000,568.672727
134,4.466667,frame,0.000000,1327.930530,2395.000000,0.000000,568.672727
135,4.500000,frame,0.000000,1327.930530,2395.000000,0.000000,568.672727
136,4.533333,frame,0.000000,1327.930530,2395.000000,0.000000,568.672727
137,4.566667,frame,0.000000,1327.930530,2395.000000,0.000000,568.672727
138,4.600000,frame,0.000000,1327.930530,2395.000000,0.000000,568.672727
139,4.633333,frame,0.000000,1327.930530,2395.000000,0.000000,568.672727
140,4.666667,mana2,0.191667,1327.930530,2395.000000,0.191667,568.672727
140,4.666667,mana1,12.082562,1327.930530,2395.000000,12.274229,374.009091
140,4.666667,incoming,194.663636,1327.930530,2395.000000,12.274229,374.009091
140,4.666667,frame,0.000000,1327.930530,2395.000000,12.274229,374.009091
141,4.700000,mana2,0.191667,1327.930530,2395.000000,12.465895,374.009091
141,4.700000,frame,0.000000,1327.930530,2395.000000,12.465895,374.009091
142,4.733333,mana2,0.191667,1327.930530,2395.000000,12.657562,374.009091
142,4.733333,frame,0.000000,1327.930530,2395.000000,12.657562,374.009091
143,4.766667,mana2,0.191667,1327.930530,2395.000000,12.849229,374.009091
143,4.766667,frame,0.000000,1327.930530,2395.000000,12.849229,374.009091
144,4.800000,mana2,0.191667,1327.930530,2395.000000,13.040895,374.009091
144,4.800000,frame,0.000000,1327.930530,2395.000000,13.040895,374.009091
145,4.833333,mana2,0.191667,1327.930530,2395.000000,13.232562,374.009091
145,4.833333,frame,0.000000,1327.930530,2395.000000,13.232562,374.009091
146,4.866667,mana2,0.191667,1327.930530,2395.000000,13.424229,374.009091
146,4.866667,frame,0.000000,1327.930530,2395.000000,13.424229,374.009091
147,4.900000,mana2,0.191667,1327.930530,2395.000000,13.615895,374.009091
147,4.900000,frame,0.000000,1327.930530,2395.000000,13.615895,374.009091
148,4.933333,mana2,0.191667,1327.930530,2395.000000,13.807562,374.009091
148,4.933333,frame,0.000000,1327.930530,2395.000000,13.807562,374.009091
149,4.966667,mana2,0.191667,1327.930530,2395.000000,13.999229,374.009091
149,4.966667,frame,0.000000,1327.930530,2395.000000,13.999229,374.009091
150,5.000000,mana2,0.191667,1327.930530,2395.000000,14.190895,374.009091
150,5.000000,mana1,12.082562,1349.271919,2395.000000,26.273458,179.345455
150,5.000000,incoming,194.663636,1349.271919,2395.000000,26.273458,179.345455
150,5.000000,frame,0.000000,1349.271919,2395.000000,26.273458,179.345455
151,5.033333,mana2,0.191667,1349.271919,2395.000000,26.465124,179.345455
151,5.033333,frame,0.000000,1349.271919,2395.000000,26.465124,179.345455
152,5.066667,mana2,0.191667,1349.271919,2395.000000,26.656791,179.345455
152,5.066667,frame,0.000000,1349.271919,2395.000000,26.656791,179.345455
153,5.100000,mana0,5.750000,1461.771919,2395.000000,32.406791,179.345455
153,5.100000,attack,4.000000,1461.771919,2395.000000,32.406791,179.345455
153,5.100000,mana2,0.191667,1461.771919,2395.000000,32.598458,179.345455
153,5.100000,frame,0.000000,1461.771919,2395.000000,32.598458,179.345455
154,5.133333,mana2,0.191667,1461.771919,2395.000000,32.790124,179.345455
154,5.133333,frame,0.000000,1461.771919,2395.000000,32.790124,179.345455
155,5.166667,mana2,0.191667,1461.771919,2395.000000,32.981791,179.345455
155,5.166667,frame,0.000000,1461.771919,2395.000000,32.981791,179.345455
156,5.200000,mana2,0.191667,1461.771919,2395.000000,33.173458,179.345455
156,5.200000,frame,0.000000,1461.771919,2395.000000,33.173458,179.345455
157,5.233333,mana2,0.191667,1461.771919,2395.000000,33.365124,179.345455
157,5.233333,frame,0.000000,1461.771919,2395.000000,33.365124,179.345455
158,5.266667,mana2,0.191667,1461.771919,2395.000000,33.556791,179.345455
158,5.266667,frame,0.000000,1461.771919,2395.000000,33.556791,179.345455
159,5.300000,mana2,0.191667,1461.771919,2395.000000,33.748458,179.345455
159,5.300000,frame,0.000000,1461.771919,2395.000000,33.748458,179.345455
160,5.333333,mana2,0.191667,1461.771919,2395.000000,33.940124,179.345455
160,5.333333,mana1,12.082562,1446.453738,2395.000000,46.022686,0.000000
160,5.333333,incoming,194.663636,1446.453738,2395.000000,46.022686,0.000000
160,5.333333,frame,0.000000,1446.453738,2395.000000,46.022686,0.000000
161,5.366667,mana2,0.191667,1446.453738,2395.000000,46.214353,0.000000
161,5.366667,frame,0.000000,1446.453738,2395.000000,46.214353,0.000000
162,5.400000,mana2,0.191667,1446.453738,2395.000000,46.406020,0.000000
162,5.400000,frame,0.000000,1446.453738,2395.000000,46.406020,0.000000
163,5.433333,mana2,0.191667,1446.453738,2395.000000,46.597686,0.000000
163,5.433333,frame,0.000000,1446.453738,2395.000000,46.597686,0.000000
164,5.466667,mana2,0.191667,1446.453738,2395.000000,46.789353,0.000000
164,5.466667,frame,0.000000,1446.453738,2395.000000,46.789353,0.000000
165,5.500000,mana2,0.191667,1446.453738,2395.000000,46.981020,0.000000
165,5.500000,frame,0.000000,1446.453738,2395.000000,46.981020,0.000000
166,5.533333,mana2,0.191667,1446.453738,2395.000000,47.172686,0.000000
166,5.533333,frame,0.000000,1446.453738,2395.000000,47.172686,0.000000
167,5.566667,mana2,0.191667,1446.453738,2395.000000,47.364353,0.000000
167,5.566667,frame,0.000000,1446.453738,2395.000000,47.364353,0.000000
168,5.600000,mana2,0.191667,1446.453738,2395.000000,47.556020,0.000000
168,5.600000,frame,0.000000,1446.453738,2395.000000,47.556020,0.000000
169,5.633333,mana2,0.191667,1446.453738,2395.000000,47.747686,0.000000
169,5.633333,frame,0.000000,1446.453738,2395.000000,47.747686,0.000000
170,5.666667,mana2,0.191667,1446.453738,2395.000000,47.939353,0.000000
170,5.666667,mana1,12.436030,1241.544647,2395.000000,60.375383,0.000000
170,5.666667,incoming,204.909091,1241.544647,2395.000000,60.375383,0.000000
170,5.666667,frame,0.000000,1241.544647,2395.000000,60.375383,0.000000
171,5.700000,mana2,0.191667,1241.544647,2395.000000,60.567050,0.000000
171,5.700000,frame,0.000000,1241.544647,2395.000000,60.567050,0.000000
172,5.733333,mana2,0.191667,1241.544647,2395.000000,60.758717,0.000000
172,5.733333,frame,0.000000,1241.544647,2395.000000,60.758717,0.000000
173,5.766667,mana2,0.191667,1241.544647,2395.000000,60.950383,0.000000
173,5.766667,frame,0.000000,1241.544647,2395.000000,60.950383,0.000000
174,5.800000,mana2,0.191667,1241.544647,2395.000000,61.142050,0.000000
174,5.800000,frame,0.000000,1241.544647,2395.000000,61.142050,0.000000
175,5.833333,mana2,0.191667,1241.544647,2395.000000,61.333717,0.000000
175,5.833333,frame,0.000000,1241.544647,2395.000000,61.333717,0.000000
176,5.866667,mana2,0.191667,1241.544647,2395.000000,61.525383,0.000000
176,5.866667,frame,0.000000,1241.544647,2395.000000,61.525383,0.000000
177,5.900000,mana0,5.750000,1354.044647,2395.000000,67.275383,0.000000
177,5.900000,attack,5.000000,1354.044647,2395.000000,67.275383,0.000000
177,5.900000,mana2,0.191667,1354.044647,2395.000000,67.467050,0.000000
177,5.900000,frame,0.000000,1354.044647,2395.000000,67.467050,0.000000
178,5.933333,mana2,0.191667,1354.044647,2395.000000,67.658717,0.000000
178,5.933333,frame,0.000000,1354.044647,2395.000000,67.658717,0.000000
179,5.966667,mana2,0.191667,1354.044647,2395.000000,67.850383,0.000000
179,5.966667,frame,0.000000,1354.044647,2395.000000,67.850383,0.000000
180,6.000000,mana2,0.191667,1354.044647,2395.000000,68.042050,0.000000
180,6.000000,mana1,1.957950,1169.954663,2395.000000,70.000000,0.000000
180,6.000000,incoming,204.909091,1169.954663,2395.000000,70.000000,0.000000
180,6.000000,cast,3.000000,1169.954663,2395.000000,0.000000,0.000000
180,6.000000,frame,0.000000,1169.954663,2395.000000,0.000000,0.000000
181,6.033333,frame,0.000000,1169.954663,2395.000000,0.000000,0.000000
182,6.066667,frame,0.000000,1169.954663,2395.000000,0.000000,0.000000
183,6.100000,frame,0.000000,1169.954663,2395.000000,0.000000,0.000000
184,6.133333,frame,0.000000,1169.954663,2395.000000,0.000000,0.000000
185,6.166667,frame,0.000000,1169.954663,2395.000000,0.000000,0.000000
186,6.200000,frame,0.000000,1169.954663,2395.000000,0.000000,0.000000
187,6.233333,frame,0.000000,1169.954663,2395.000000,0.000000,0.000000
188,6.266667,frame,0.000000,1169.954663,2395.000000,0.000000,0.000000
189,6.300000,frame,0.000000,1169.954663,2395.000000,0.000000,0.000000
190,6.333333,incoming,204.909091,965.045572,2395.000000,0.000000,0.000000
190,6.333333,frame,0.000000,965.045572,2395.000000,0.000000,0.000000
191,6.366667,frame,0.000000,965.045572,2395.000000,0.000000,0.000000
192,6.400000,frame,0.000000,965.045572,2395.000000,0.000000,0.000000
193,6.433333,frame,0.000000,965.045572,2395.000000,0.000000,0.000000
194,6.466667,frame,0.000000,965.045572,2395.000000,0.000000,0.000000
195,6.500000,frame,0.000000,965.045572,2395.000000,0.000000,0.000000
196,6.533333,frame,0.000000,965.045572,2395.000000,0.000000,0.000000
197,6.566667,frame,0.000000,965.045572,2395.000000,0.000000,0.000000
198,6.600000,frame,0.000000,965.045572,2395.000000,0.000000,0.000000
199,6.633333,frame,0.000000,965.045572,2395.000000,0.000000,0.000000
200,6.666667,zhonya,3.000000,760.136481,2395.000000,0.000000,0.000000
200,6.666667,incoming,204.909091,760.136481,2395.000000,0.000000,0.000000
200,6.666667,frame,0.000000,760.136481,2395.000000,0.000000,0.000000
201,6.700000,frame,0.000000,760.136481,2395.000000,0.000000,0.000000
202,6.733333,frame,0.000000,760.136481,2395.000000,0.000000,0.000000
203,6.766667,frame,0.000000,760.136481,2395.000000,0.000000,0.000000
204,6.800000,frame,0.000000,760.136481,2395.000000,0.000000,0.000000
205,6.833333,frame,0.000000,760.136481,2395.000000,0.000000,0.000000
206,6.866667,frame,0.000000,760.136481,2395.000000,0.000000,0.000000
207,6.900000,frame,0.000000,760.136481,2395.000000,0.000000,0.000000
208,6.933333,frame,0.000000,760.136481,2395.000000,0.000000,0.000000
209,6.966667,frame,0.000000,760.136481,2395.000000,0.000000,0.000000
210,7.000000,mana2,0.191667,760.136481,2395.000000,0.191667,0.000000
210,7.000000,frame,0.000000,792.833751,2395.000000,0.191667,0.000000
211,7.033333,mana2,0.191667,792.833751,2395.000000,0.383333,0.000000
211,7.033333,frame,0.000000,792.833751,2395.000000,0.383333,0.000000
212,7.066667,mana2,0.191667,792.833751,2395.000000,0.575000,0.000000
212,7.066667,frame,0.000000,792.833751,2395.000000,0.575000,0.000000
213,7.100000,mana2,0.191667,792.833751,2395.000000,0.766667,0.000000
213,7.100000,frame,0.000000,792.833751,2395.000000,0.766667,0.000000
214,7.133333,mana2,0.191667,792.833751,2395.000000,0.958333,0.000000
214,7.133333,frame,0.000000,792.833751,2395.000000,0.958333,0.000000
215,7.166667,mana2,0.191667,792.833751,2395.000000,1.150000,0.000000
215,7.166667,frame,0.000000,792.833751,2395.000000,1.150000,0.000000
216,7.200000,mana2,0.191667,792.833751,2395.000000,1.341667,0.000000
216,7.200000,frame,0.000000,792.833751,2395.000000,1.341667,0.000000
217,7.233333,mana2,0.191667,792.833751,2395.000000,1.533333,0.000000
217,7.233333,frame,0.000000,792.833751,2395.000000,1.533333,0.000000
218,7.266667,mana2,0.191667,792.833751,2395.000000,1.725000,0.000000
218,7.266667,frame,0.000000,792.833751,2395.000000,1.725000,0.000000
219,7.300000,mana2,0.191667,792.833751,2395.000000,1.916667,0.000000
219,7.300000,frame,0.000000,792.833751,2395.000000,1.916667,0.000000
220,7.333333,mana2,0.191667,792.833751,2395.000000,2.108333,0.000000
220,7.333333,frame,0.000000,792.833751,2395.000000,2.108333,0.000000
221,7.366667,mana2,0.191667,792.833751,2395.000000,2.300000,0.000000
221,7.366667,frame,0.000000,792.833751,2395.000000,2.300000,0.000000
222,7.400000,mana2,0.191667,792.833751,2395.000000,2.491667,0.000000
222,7.400000,frame,0.000000,792.833751,2395.000000,2.491667,0.000000
223,7.433333,mana2,0.191667,792.833751,2395.000000,2.683333,0.000000
223,7.433333,frame,0.000000,792.833751,2395.000000,2.683333,0.000000
224,7.466667,mana2,0.191667,792.833751,2395.000000,2.875000,0.000000
224,7.466667,frame,0.000000,792.833751,2395.000000,2.875000,0.000000
225,7.500000,mana2,0.191667,792.833751,2395.000000,3.066667,0.000000
225,7.500000,frame,0.000000,792.833751,2395.000000,3.066667,0.000000
226,7.533333,mana2,0.191667,792.833751,2395.000000,3.258333,0.000000
226,7.533333,frame,0.000000,792.833751,2395.000000,3.258333,0.000000
227,7.566667,mana2,0.191667,792.833751,2395.000000,3.450000,0.000000
227,7.566667,frame,0.000000,792.833751,2395.000000,3.450000,0.000000
228,7.600000,mana2,0.191667,792.833751,2395.000000,3.641667,0.000000
228,7.600000,frame,0.000000,792.833751,2395.000000,3.641667,0.000000
229,7.633333,mana2,0.191667,792.833751,2395.000000,3.833333,0.000000
229,7.633333,frame,0.000000,792.833751,2395.000000,3.833333,0.000000
230,7.666667,mana2,0.191667,792.833751,2395.000000,4.025000,0.000000
230,7.666667,frame,0.000000,792.833751,2395.000000,4.025000,0.000000
231,7.700000,mana2,0.191667,792.833751,2395.000000,4.216667,0.000000
231,7.700000,frame,0.000000,792.833751,2395.000000,4.216667,0.000000
232,7.733333,mana2,0.191667,792.833751,2395.000000,4.408333,0.000000
232,7.733333,frame,0.000000,792.833751,2395.000000,4.408333,0.000000
233,7.766667,mana2,0.191667,792.833751,2395.000000,4.600000,0.000000
233,7.766667,frame,0.000000,792.833751,2395.000000,4.600000,0.000000
234,7.800000,mana2,0.191667,792.833751,2395.000000,4.791667,0.000000
234,7.800000,frame,0.000000,792.833751,2395.000000,4.791667,0.000000
235,7.833333,mana2,0.191667,792.833751,2395.000000,4.983333,0.000000
235,7.833333,frame,0.000000,792.833751,2395.000000,4.983333,0.000000
236,7.866667,mana2,0.191667,792.833751,2395.000000,5.175000,0.000000
236,7.866667,frame,0.000000,792.833751,2395.000000,5.175000,0.000000
237,7.900000,mana2,0.191667,792.833751,2395.000000,5.366667,0.000000
237,7.900000,frame,0.000000,792.833751,2395.000000,5.366667,0.000000
238,7.933333,mana2,0.191667,792.833751,2395.000000,5.558333,0.000000
238,7.933333,frame,0.000000,792.833751,2395.000000,5.558333,0.000000
239,7.966667,mana2,0.191667,792.833751,2395.000000,5.750000,0.000000
239,7.966667,frame,0.000000,792.833751,2395.000000,5.750000,0.000000
240,8.000000,mana2,0.191667,792.833751,2395.000000,5.941667,0.000000
240,8.000000,frame,0.000000,824.877076,2395.000000,5.941667,0.000000
241,8.033333,mana2,0.191667,824.877076,2395.000000,6.133333,0.000000
241,8.033333,frame,0.000000,824.877076,2395.000000,6.133333,0.000000
242,8.066667,mana2,0.191667,824.877076,2395.000000,6.325000,0.000000
242,8.066667,frame,0.000000,824.877076,2395.000000,6.325000,0.000000
243,8.100000,mana2,0.191667,824.877076,2395.000000,6.516667,0.000000
243,8.100000,frame,0.000000,824.877076,2395.000000,6.516667,0.000000
244,8.133333,mana2,0.191667,824.877076,2395.000000,6.708333,0.000000
244,8.133333,frame,0.000000,824.877076,2395.000000,6.708333,0.000000
245,8.166667,mana2,0.191667,824.877076,2395.000000,6.900000,0.000000
245,8.166667,frame,0.000000,824.877076,2395.000000,6.900000,0.000000
246,8.200000,mana2,0.191667,824.877076,2395.000000,7.091667,0.000000
246,8.200000,frame,0.000000,824.877076,2395.000000,7.091667,0.000000
247,8.233333,mana2,0.191667,824.877076,2395.000000,7.283333,0.000000
247,8.233333,frame,0.000000,824.877076,2395.000000,7.283333,0.000000
248,8.266667,mana2,0.191667,824.877076,2395.000000,7.475000,0.000000
248,8.266667,frame,0.000000,824.877076,2395.000000,7.475000,0.000000
249,8.300000,mana2,0.191667,824.877076,2395.000000,7.666667,0.000000
249,8.300000,frame,0.000000,824.877076,2395.000000,7.666667,0.000000
250,8.333333,mana2,0.191667,824.877076,2395.000000,7.858333,0.000000
250,8.333333,frame,0.000000,824.877076,2395.000000,7.858333,0.000000
251,8.366667,mana2,0.191667,824.877076,2395.000000,8.050000,0.000000
251,8.366667,frame,0.000000,824.877076,2395.000000,8.050000,0.000000
252,8.400000,mana2,0.191667,824.877076,2395.000000,8.241667,0.000000
252,8.400000,frame,0.000000,824.877076,2395.000000,8.241667,0.000000
253,8.433333,mana2,0.191667,824.877076,2395.000000,8.433333,0.000000
253,8.433333,frame,0.000000,824.877076,2395.000000,8.433333,0.000000
254,8.466667,mana2,0.191667,824.877076,2395.000000,8.625000,0.000000
254,8.466667,frame,0.000000,824.877076,2395.000000,8.625000,0.000000
255,8.500000,mana2,0.191667,824.877076,2395.000000,8.816667,0.000000
255,8.500000,frame,0.000000,824.877076,2395.000000,8.816667,0.000000
256,8.533333,mana2,0.191667,824.877076,2395.000000,9.008333,0.000000
256,8.533333,frame,0.000000,824.877076,2395.000000,9.008333,0.000000
257,8.566667,mana2,0.191667,824.877076,2395.000000,9.200000,0.000000
257,8.566667,frame,0.000000,824.877076,2395.000000,9.200000,0.000000
258,8.600000,mana2,0.191667,824.877076,2395.000000,9.391667,0.000000
258,8.600000,frame,0.000000,824.877076,2395.000000,9.391667,0.000000
259,8.633333,mana2,0.191667,824.877076,2395.000000,9.583333,0.000000
259,8.633333,frame,0.000000,824.877076,2395.000000,9.583333,0.000000
260,8.666667,mana2,0.191667,824.877076,2395.000000,9.775000,0.000000
260,8.666667,frame,0.000000,824.877076,2395.000000,9.775000,0.000000
261,8.700000,mana2,0.191667,824.877076,2395.000000,9.966667,0.000000
261,8.700000,frame,0.000000,824.877076,2395.000000,9.966667,0.000000
262,8.733333,mana2,0.191667,824.877076,2395.000000,10.158333,0.000000
262,8.733333,frame,0.000000,824.877076,2395.000000,10.158333,0.000000
263,8.766667,mana2,0.191667,824.877076,2395.000000,10.350000,0.000000
263,8.766667,frame,0.000000,824.877076,2395.000000,10.350000,0.000000
264,8.800000,mana2,0.191667,824.877076,2395.000000,10.541667,0.000000
264,8.800000,frame,0.000000,824.877076,2395.000000,10.541667,0.000000
265,8.833333,mana2,0.191667,824.877076,2395.000000,10.733333,0.000000
265,8.833333,frame,0.000000,824.877076,2395.000000,10.733333,0.000000
266,8.866667,mana2,0.191667,824.877076,2395.000000,10.925000,0.000000
266,8.866667,frame,0.000000,824.877076,2395.000000,10.925000,0.000000
267,8.900000,mana2,0.191667,824.877076,2395.000000,11.116667,0.000000
267,8.900000,frame,0.000000,824.877076,2395.000000,11.116667,0.000000
268,8.933333,mana2,0.191667,824.877076,2395.000000,11.308333,0.000000
268,8.933333,frame,0.000000,824.877076,2395.000000,11.308333,0.000000
269,8.966667,mana2,0.191667,824.877076,2395.000000,11.500000,0.000000
269,8.966667,frame,0.000000,824.877076,2395.000000,11.500000,0.000000
270,9.000000,mana2,0.191667,824.877076,2395.000000,11.691667,0.000000
270,9.000000,frame,0.000000,856.279535,2395.000000,11.691667,0.000000
271,9.033333,mana2,0.191667,856.279535,2395.000000,11.883333,0.000000
271,9.033333,frame,0.000000,856.279535,2395.000000,11.883333,0.000000
272,9.066667,mana2,0.191667,856.279535,2395.000000,12.075000,0.000000
272,9.066667,frame,0.000000,856.279535,2395.000000,12.075000,0.000000
273,9.100000,mana2,0.191667,856.279535,2395.000000,12.266667,0.000000
273,9.100000,frame,0.000000,856.279535,2395.000000,12.266667,0.000000
274,9.133333,mana2,0.191667,856.279535,2395.000000,12.458333,0.000000
274,9.133333,frame,0.000000,856.279535,2395.000000,12.458333,0.000000
275,9.166667,mana2,0.191667,856.279535,2395.000000,12.650000,0.000000
275,9.166667,frame,0.000000,856.279535,2395.000000,12.650000,0.000000
276,9.200000,mana2,0.191667,856.279535,2395.000000,12.841667,0.000000
276,9.200000,frame,0.000000,856.279535,2395.000000,12.841667,0.000000
277,9.233333,mana2,0.191667,856.279535,2395.000000,13.033333,0.000000
277,9.233333,frame,0.000000,856.279535,2395.000000,13.033333,0.000000
278,9.266667,mana2,0.191667,856.279535,2395.000000,13.225000,0.000000
278,9.266667,frame,0.000000,856.279535,2395.000000,13.225000,0.000000
279,9.300000,mana2,0.191667,856.279535,2395.000000,13.416667,0.000000
279,9.300000,frame,0.000000,856.279535,2395.000000,13.416667,0.000000
280,9.333333,mana2,0.191667,856.279535,2395.000000,13.608333,0.000000
280,9.333333,frame,0.000000,856.279535,2395.000000,13.608333,0.000000
281,9.366667,mana2,0.191667,856.279535,2395.000000,13.800000,0.000000
281,9.366667,frame,0.000000,856.279535,2395.000000,13.800000,0.000000
282,9.400000,mana2,0.191667,856.279535,2395.000000,13.991667,0.000000
282,9.400000,frame,0.000000,856.279535,2395.000000,13.991667,0.000000
283,9.433333,mana2,0.191667,856.279535,2395.000000,14.183333,0.000000
283,9.433333,frame,0.000000,856.279535,2395.000000,14.183333,0.000000
284,9.466667,mana2,0.191667,856.279535,2395.000000,14.375000,0.000000
284,9.466667,frame,0.000000,856.279535,2395.000000,14.375000,0.000000
285,9.500000,mana2,0.191667,856.279535,2395.000000,14.566667,0.000000
285,9.500000,frame,0.000000,856.279535,2395.000000,14.566667,0.000000
286,9.533333,mana2,0.191667,856.279535,2395.000000,14.758333,0.000000
286,9.533333,frame,0.000000,856.279535,2395.000000,14.758333,0.000000
287,9.566667,mana2,0.191667,856.279535,2395.000000,14.950000,0.000000
287,9.566667,frame,0.000000,856.279535,2395.000000,14.950000,0.000000
288,9.600000,mana2,0.191667,856.279535,2395.000000,15.141667,0.000000
288,9.600000,frame,0.000000,856.279535,2395.000000,15.141667,0.000000
289,9.633333,mana2,0.191667,856.279535,2395.000000,15.333333,0.000000
289,9.633333,frame,0.000000,856.279535,2395.000000,15.333333,0.000000
290,9.666667,mana2,0.191667,856.279535,2395.000000,15.525000,0.000000
290,9.666667,mana1,12.436030,651.370444,2395.000000,27.961030,0.000000
290,9.666667,incoming,204.909091,651.370444,2395.000000,27.961030,0.000000
290,9.666667,frame,0.000000,651.370444,2395.000000,27.961030,0.000000
291,9.700000,mana2,0.191667,651.370444,2395.000000,28.152697,0.000000
291,9.700000,frame,0.000000,651.370444,2395.000000,28.152697,0.000000
292,9.733333,mana2,0.191667,651.370444,2395.000000,28.344364,0.000000
292,9.733333,frame,0.000000,651.370444,2395.000000,28.344364,0.000000
293,9.766667,mana2,0.191667,651.370444,2395.000000,28.536030,0.000000
293,9.766667,frame,0.000000,651.370444,2395.000000,28.536030,0.000000
294,9.800000,mana2,0.191667,651.370444,2395.000000,28.727697,0.000000
294,9.800000,frame,0.000000,651.370444,2395.000000,28.727697,0.000000
295,9.833333,mana2,0.191667,651.370444,2395.000000,28.919364,0.000000
295,9.833333,frame,0.000000,651.370444,2395.000000,28.919364,0.000000
296,9.866667,mana2,0.191667,651.370444,2395.000000,29.111030,0.000000
296,9.866667,frame,0.000000,651.370444,2395.000000,29.111030,0.000000
297,9.900000,mana2,0.191667,651.370444,2395.000000,29.302697,0.000000
297,9.900000,frame,0.000000,651.370444,2395.000000,29.302697,0.000000
298,9.933333,mana0,5.750000,763.870444,2395.000000,35.052697,0.000000
298,9.933333,attack,6.000000,763.870444,2395.000000,35.052697,0.000000
298,9.933333,mana2,0.191667,763.870444,2395.000000,35.244364,0.000000
298,9.933333,frame,0.000000,763.870444,2395.000000,35.244364,0.000000
299,9.966667,mana2,0.191667,763.870444,2395.000000,35.436030,0.000000
299,9.966667,frame,0.000000,763.870444,2395.000000,35.436030,0.000000
300,10.000000,mana2,0.191667,763.870444,2395.000000,35.627697,0.000000
300,10.000000,mana1,12.436030,591.583944,2395.000000,48.063727,0.000000
300,10.000000,incoming,204.909091,591.583944,2395.000000,48.063727,0.000000
300,10.000000,frame,0.000000,591.583944,2395.000000,48.063727,0.000000
301,10.033333,mana2,0.191667,591.583944,2395.000000,48.255394,0.000000
301,10.033333,frame,0.000000,591.583944,2395.000000,48.255394,0.000000
302,10.066667,mana2,0.191667,591.583944,2395.000000,48.447061,0.000000
302,10.066667,frame,0.000000,591.583944,2395.000000,48.447061,0.000000
303,10.100000,mana2,0.191667,591.583944,2395.000000,48.638727,0.000000
303,10.100000,frame,0.000000,591.583944,2395.000000,48.638727,0.000000
304,10.133333,mana2,0.191667,591.583944,2395.000000,48.830394,0.000000
304,10.133333,frame,0.000000,591.583944,2395.000000,48.830394,0.000000
305,10.166667,mana2,0.191667,591.583944,2395.000000,49.022061,0.000000
305,10.166667,frame,0.000000,591.583944,2395.000000,49.022061,0.000000
306,10.200000,mana2,0.191667,591.583944,2395.000000,49.213727,0.000000
306,10.200000,frame,0.000000,591.583944,2395.000000,49.213727,0.000000
307,10.233333,mana2,0.191667,591.583944,2395.000000,49.405394,0.000000
307,10.233333,frame,0.000000,591.583944,2395.000000,49.405394,0.000000
308,10.266667,mana2,0.191667,591.583944,2395.000000,49.597061,0.000000
308,10.266667,frame,0.000000,591.583944,2395.000000,49.597061,0.000000
309,10.300000,mana2,0.191667,591.583944,2395.000000,49.788727,0.000000
309,10.300000,frame,0.000000,591.583944,2395.000000,49.788727,0.000000
310,10.333333,mana2,0.191667,591.583944,2395.000000,49.980394,0.000000
310,10.333333,mana1,12.436030,386.674853,2395.000000,62.416424,0.000000
310,10.333333,incoming,204.909091,386.674853,2395.000000,62.416424,0.000000
310,10.333333,frame,0.000000,386.674853,2395.000000,62.416424,0.000000
311,10.366667,mana2,0.191667,386.674853,2395.000000,62.608091,0.000000
311,10.366667,frame,0.000000,386.674853,2395.000000,62.608091,0.000000
312,10.400000,mana2,0.191667,386.674853,2395.000000,62.799758,0.000000
312,10.400000,frame,0.000000,386.674853,2395.000000,62.799758,0.000000
313,10.433333,mana2,0.191667,386.674853,2395.000000,62.991424,0.000000
313,10.433333,frame,0.000000,386.674853,2395.000000,62.991424,0.000000
314,10.466667,mana2,0.191667,386.674853,2395.000000,63.183091,0.000000
314,10.466667,frame,0.000000,386.674853,2395.000000,63.183091,0.000000
315,10.500000,mana2,0.191667,386.674853,2395.000000,63.374758,0.000000
315,10.500000,frame,0.000000,386.674853,2395.000000,63.374758,0.000000
316,10.533333,mana2,0.191667,386.674853,2395.000000,63.566424,0.000000
316,10.533333,frame,0.000000,386.674853,2395.000000,63.566424,0.000000
317,10.566667,mana2,0.191667,386.674853,2395.000000,63.758091,0.000000
317,10.566667,frame,0.000000,386.674853,2395.000000,63.758091,0.000000
318,10.600000,mana2,0.191667,386.674853,2395.000000,63.949758,0.000000
318,10.600000,frame,0.000000,386.674853,2395.000000,63.949758,0.000000
319,10.633333,mana2,0.191667,386.674853,2395.000000,64.141424,0.000000
319,10.633333,frame,0.000000,386.674853,2395.000000,64.141424,0.000000
320,10.666667,mana2,0.191667,386.674853,2395.000000,64.333091,0.000000
320,10.666667,mana1,5.666909,181.765762,2395.000000,70.000000,0.000000
320,10.666667,incoming,204.909091,181.765762,2395.000000,70.000000,0.000000
320,10.666667,cast,4.000000,181.765762,2395.000000,0.000000,0.000000
320,10.666667,frame,0.000000,181.765762,2395.000000,0.000000,0.000000
321,10.700000,frame,0.000000,181.765762,2395.000000,0.000000,0.000000
322,10.733333,frame,0.000000,181.765762,2395.000000,0.000000,0.000000
323,10.766667,frame,0.000000,181.765762,2395.000000,0.000000,0.000000
324,10.800000,frame,0.000000,181.765762,2395.000000,0.000000,0.000000
325,10.833333,frame,0.000000,181.765762,2395.000000,0.000000,0.000000
326,10.866667,frame,0.000000,181.765762,2395.000000,0.000000,0.000000
327,10.900000,frame,0.000000,181.765762,2395.000000,0.000000,0.000000
328,10.933333,frame,0.000000,181.765762,2395.000000,0.000000,0.000000
329,10.966667,frame,0.000000,181.765762,2395.000000,0.000000,0.000000
330,11.000000,incoming,204.909091,21.121356,2395.000000,0.000000,0.000000
330,11.000000,frame,0.000000,21.121356,2395.000000,0.000000,0.000000
331,11.033333,frame,0.000000,21.121356,2395.000000,0.000000,0.000000
332,11.066667,frame,0.000000,21.121356,2395.000000,0.000000,0.000000
333,11.100000,frame,0.000000,21.121356,2395.000000,0.000000,0.000000
334,11.133333,frame,0.000000,21.121356,2395.000000,0.000000,0.000000
335,11.166667,frame,0.000000,21.121356,2395.000000,0.000000,0.000000
336,11.200000,frame,0.000000,21.121356,2395.000000,0.000000,0.000000
337,11.233333,frame,0.000000,21.121356,2395.000000,0.000000,0.000000
338,11.266667,attack,7.000000,133.621356,2395.000000,0.000000,0.000000
338,11.266667,frame,0.000000,133.621356,2395.000000,0.000000,0.000000
339,11.300000,frame,0.000000,133.621356,2395.000000,0.000000,0.000000
